529.389928178757,58532
529.395057132217,25521
529.40018600343,28137
529.405314792392,21043
529.410443499099,21310
529.415572123545,21015
529.420700665725,23014
529.425829125636,17334
529.430957503271,27176
529.436085798626,7001
529.441214011697,56815
529.446342142477,44945
529.451470190964,7719
529.456598157151,5150
529.461726041034,-45179
529.466853842608,-25696
529.471981561868,-132086
529.47710919881,-131702
529.482236753428,-43917
529.487364225718,-42257
529.492491615674,-39656
529.497618923293,-10638
529.502746148569,17250
529.507873291498,9115
529.513000352074,-7267
529.518127330293,-25923
529.523254226149,9664
529.528381039639,1419
529.533507770757,-91701
529.538634419499,-78886
529.543760985859,-131479
529.548887469832,-121427
529.554013871415,-89634
529.559140190602,-30215
529.564266427388,-38445
529.569392581769,-49384
529.574518653739,-44745
529.579644643294,-33131
529.584770550429,23353
529.589896375139,56850
529.595022117419,55692
529.600147777265,59051
529.605273354671,93654
529.610398849633,52249
529.615524262146,47778
529.620649592206,-41342
529.625774839806,-15521
529.630900004943,28961
529.636025087612,-105964
529.641150087808,-82622
529.646275005526,-155517
529.651399840761,-93779
529.656524593508,-30103
529.661649263763,-27984
529.666773851521,14178
529.671898356776,65424
529.677022779525,107345
529.682147119762,-4383
529.687271377482,-3793
529.692395552681,32115
529.697519645353,25046
529.702643655495,-70692
529.707767583101,-42975
529.712891428166,-2570
529.718015190685,17537
529.723138870655,36829
529.728262468069,-20483
529.733385982923,-67404
529.738509415212,6862
529.743632764932,-89345
529.748756032077,-139507
529.753879216643,-116397
529.759002318625,24574
529.764125338018,161686
529.769248274817,89473
529.774371129018,-90254
529.779493900615,-177758
529.784616589605,-73281
529.789739195981,-45023
529.794861719739,-121250
529.799984160875,-189814
529.805106519383,-13200
529.810228795259,-7685
529.815350988498,-88602
529.820473099095,-9287
529.825595127045,5169
529.830717072343,-18408
529.835838934986,-6739
529.840960714967,17935
529.846082412282,26133
529.851204026926,50539
529.856325558894,41242
529.861447008182,22331
529.866568374785,35471
529.871689658698,36965
529.876810859916,58327
529.881931978434,73799
529.887053014247,99672
529.892173967351,127222
529.897294837741,112339
529.902415625412,114530
529.907536330359,96059
529.912656952578,68409
529.917777492063,78990
529.92289794881,109418
529.928018322814,54111
529.93313861407,32206
529.938258822573,57412
529.943378948318,71448
529.948498991302,81895
529.953618951518,21698
529.958738828962,-339
529.96385862363,11750
529.968978335516,51965
529.974097964615,52885
529.979217510924,27552
529.984336974436,82182
529.989456355148,73012
529.994575653053,80167
529.999694868149,80230
530.004814000429,61476
530.009933049889,29821
530.015052016524,34309
530.02017090033,49392
530.025289701301,54586
530.030408419433,62281
530.03552705472,60323
530.040645607159,71177
530.045764076744,64676
530.05088246347,72906
530.056000767333,71783
530.061118988328,77092
530.06623712645,73752
530.071355181694,58930
530.076473154056,53477
530.08159104353,66984
530.086708850112,67991
530.091826573797,67800
530.09694421458,51978
530.102061772457,70650
530.107179247422,67210
530.11229663947,64548
530.117413948598,86655
530.1225311748,89441
530.127648318071,81983
530.132765378407,69657
530.137882355802,77493
530.142999250253,88687
530.148116061753,79353
530.153232790299,75437
530.158349435885,69932
530.163465998507,70465
530.16858247816,88375
530.173698874839,103983
530.17881518854,92135
530.183931419257,82384
530.189047566985,91158
530.19416363172,70871
530.199279613458,84422
530.204395512192,69910
530.20951132792,87660
530.214627060634,79678
530.219742710332,61882
530.224858277008,71082
530.229973760657,71743
530.235089161274,60550
530.240204478855,77423
530.245319713395,103771
530.250434864889,117629
530.255549933333,105084
530.260664918721,96294
530.265779821048,76057
530.27089464031,66216
530.276009376502,85300
530.28112402962,100079
530.286238599658,104154
530.291353086612,100240
530.296467490476,97103
530.301581811247,100008
530.306696048919,97247
530.311810203487,82510
530.316924274947,90639
530.322038263294,96065
530.327152168522,105975
530.332265990628,101685
530.337379729607,95431
530.342493385453,120376
530.347606958162,114426
530.35272044773,98225
530.35783385415,99161
530.362947177419,119167
530.368060417532,115652
530.373173574483,113382
530.378286648269,122929
530.383399638884,132959
530.388512546323,120717
530.393625370583,134332
530.398738111657,127550
530.403850769541,107350
530.40896334423,98410
530.41407583572,92447
530.419188244006,113833
530.424300569083,129308
530.429412810946,131960
530.43452496959,103200
530.439637045011,102750
530.444749037203,117394
530.449860946163,113874
530.454972771885,117058
530.460084514364,102421
530.465196173595,116422
530.470307749575,128776
530.475419242297,130758
530.480530651758,122929
530.485641977952,94238
530.490753220875,103732
530.495864380522,110469
530.500975456888,88487
530.506086449968,104396
530.511197359757,119758
530.516308186251,124511
530.521418929445,116695
530.526529589334,109172
530.531640165914,107946
530.536750659179,128019
530.541861069125,133060
530.546971395746,137098
530.552081639039,121607
530.557191798999,109846
530.562301875619,118549
530.567411868897,111075
530.572521778827,114224
530.577631605404,129179
530.582741348623,128216
530.58785100848,127202
530.59296058497,124557
530.598070078088,144146
530.603179487829,163333
530.608288814188,167841
530.613398057162,166275
530.618507216744,144889
530.623616292931,126638
530.628725285716,135168
530.633834195097,147486
530.638943021067,126848
530.644051763622,129846
530.649160422758,145255
530.654268998469,149291
530.65937749075,148289
530.664485899597,125886
530.669594225006,107323
530.674702466971,107451
530.679810625487,116520
530.68491870055,154119
530.690026692155,159932
530.695134600297,154487
530.700242424972,148335
530.705350166174,140720
530.710457823899,157229
530.715565398142,154125
530.720672888898,164610
530.725780296162,153843
530.730887619931,178064
530.735994860198,186018
530.74110201696,169118
530.74620909021,134860
530.751316079946,134742
530.756422986161,136141
530.761529808851,106567
530.766636548012,136298
530.771743203637,139109
530.776849775724,159542
530.781956264266,152653
530.78706266926,150244
530.7921689907,144038
530.797275228581,166161
530.8023813829,150618
530.80748745365,170951
530.812593440827,171748
530.817699344427,168057
530.822805164445,170099
530.827910900875,176546
530.833016553714,157477
530.838122122956,161405
530.843227608596,170331
530.84833301063,174945
530.853438329054,184058
530.858543563861,202547
530.863648715048,195598
530.86875378261,183979
530.873858766541,182210
530.878963666838,188645
530.884068483495,167928
530.889173216508,169400
530.894277865871,175770
530.899382431581,182624
530.904486913631,185273
530.909591312018,186616
530.914695626738,193730
530.919799857783,170571
530.924904005151,163892
530.930008068837,156301
530.935112048835,169140
530.940215945141,166879
530.94531975775,172520
530.950423486657,177640
530.955527131858,181382
530.960630693347,174047
530.965734171121,176513
530.970837565174,189655
530.975940875501,200789
530.981044102098,199642
530.98614724496,198252
530.991250304082,182488
530.996353279459,172692
531.001456171087,181876
531.006558978961,187660
531.011661703076,174517
531.016764343427,177736
531.021866900009,185841
531.026969372819,185005
531.03207176185,185320
531.037174067098,177592
531.04227628856,157522
531.047378426228,189593
531.0524804801,189025
531.05758245017,178716
531.062684336433,178651
531.067786138884,193179
531.07288785752,199609
531.077989492335,191368
531.083091043323,181475
531.088192510482,177826
531.093293893805,191209
531.098395193288,203019
531.103496408927,184528
531.108597540716,209690
531.113698588651,183754
531.118799552726,181464
531.123900432938,180405
531.129001229281,187930
531.134101941751,176327
531.139202570343,199803
531.144303115052,221875
531.149403575873,225222
531.154503952802,215575
531.159604245834,195483
531.164704454963,202940
531.169804580187,212981
531.174904621498,215698
531.180004578894,218312
531.185104452368,228628
531.190204241917,225755
531.195303947535,221506
531.200403569218,195428
531.205503106961,212946
531.210602560759,201346
531.215701930608,212859
531.220801216502,218606
531.225900418437,231817
531.230999536408,242628
531.236098570411,224278
531.241197520441,205458
531.246296386492,221763
531.251395168561,207329
531.256493866641,209107
531.26159248073,163922
531.266691010821,154469
531.271789456911,197307
531.276887818993,215357
531.281986097065,227945
531.28708429112,205931
531.292182401154,243605
531.297280427163,243332
531.302378369141,236151
531.307476227084,212916
531.312574000987,269972
531.317671690845,283987
531.322769296654,261634
531.327866818408,181671
531.332964256104,202959
531.338061609735,221178
531.343158879299,202637
531.348256064789,183885
531.353353166201,207107
531.35845018353,206932
531.363547116772,213517
531.368643965921,212828
531.373740730974,231285
531.378837411924,202700
531.383934008768,194080
531.389030521501,212356
531.394126950118,212331
531.399223294614,219750
531.404319554984,251044
531.409415731224,265820
531.41451182333,229141
531.419607831295,233111
531.424703755116,247767
531.429799594787,235094
531.434895350304,228969
531.439991021663,230187
531.445086608858,241306
531.450182111884,236946
531.455277530738,196010
531.460372865414,223325
531.465468115907,245266
531.470563282213,256735
531.475658364327,239220
531.480753362244,233800
531.485848275959,224638
531.490943105468,230362
531.496037850766,225370
531.501132511849,213073
531.50622708871,235635
531.511321581347,225706
531.516415989753,215163
531.521510313925,230493
531.526604553857,217413
531.531698709544,224608
531.536792780983,228972
531.541886768168,265197
531.546980671094,279273
531.552074489757,262627
531.557168224152,268859
531.562261874274,256432
531.567355440119,268094
531.572448921681,260068
531.577542318957,243786
531.58263563194,246918
531.587728860627,253488
531.592822005013,252668
531.597915065093,248425
531.603008040862,250615
531.608100932316,249280
531.613193739449,257507
531.618286462257,256893
531.623379100736,231738
531.62847165488,247035
531.633564124685,273143
531.638656510146,242480
531.643748811259,228000
531.648841028018,240282
531.653933160418,267690
531.659025208456,256470
531.664117172126,251636
531.669209051424,262573
531.674300846345,250235
531.679392556883,257104
531.684484183035,296521
531.689575724796,276513
531.694667182161,252071
531.699758555125,257153
531.704849843683,258272
531.709941047831,256740
531.715032167563,261488
531.720123202876,265268
531.725214153765,273391
531.730305020224,260675
531.735395802249,251399
531.740486499835,248076
531.745577112978,248384
531.750667641673,272097
531.755758085915,279396
531.760848445699,254744
531.76593872102,247958
531.771028911874,266327
531.776119018257,273048
531.781209040162,246221
531.786298977587,231793
531.791388830525,213830
531.796478598972,214797
531.801568282924,223107
531.806657882375,243987
531.811747397321,252729
531.816836827758,219996
531.82192617368,216809
531.827015435082,233581
531.832104611961,258824
531.83719370431,275038
531.842282712127,255940
531.847371635405,238264
531.85246047414,252289
531.857549228327,265514
531.862637897962,247634
531.86772648304,262368
531.872814983556,284055
531.877903399505,267368
531.882991730883,246711
531.888079977685,248433
531.893168139906,260298
531.898256217542,266486
531.903344210587,271071
531.908432119037,264113
531.913519942888,261896
531.918607682134,258799
531.92369533677,235839
531.928782906793,217187
531.933870392197,240782
531.938957792978,243889
531.944045109131,229993
531.94913234065,226225
531.954219487532,218461
531.959306549772,199734
531.964393527365,220802
531.969480420306,232863
531.974567228591,198616
531.979653952214,184743
531.984740591171,186767
531.989827145458,186586
531.994913615069,182977
532,188968
532.005086300246,183214
532.010172515803,169618
532.015258646665,172155
532.020344692828,157989
532.025430654287,142475
532.030516531038,145484
532.035602323076,157051
532.040688030396,154116
532.045773652993,143966
532.050859190862,141656
532.055944644,143699
532.0610300124,155091
532.066115296059,155643
532.071200494972,164518
532.076285609134,166835
532.08137063854,166622
532.086455583185,151817
532.091540443065,153319
532.096625218176,134059
532.101709908511,94405
532.106794514067,67958
532.11187903484,47746
532.116963470823,34715
532.122047822013,23831
532.127132088404,22364
532.132216269993,23934
532.137300366774,22978
532.142384378742,29488
532.147468305893,37790
532.152552148223,38090
532.157635905726,34988
532.162719578397,61271
532.167803166233,67827
532.172886669227,71134
532.177970087377,79922
532.183053420675,86775
532.18813666912,95016
532.193219832704,121774
532.198302911424,120139
532.203385905275,122091
532.208468814253,134133
532.213551638351,138440
532.218634377567,149995
532.223717031894,155170
532.228799601329,151913
532.233882085867,173214
532.238964485502,175295
532.244046800231,181985
532.249129030048,200363
532.254211174949,215622
532.259293234929,233603
532.264375209983,221796
532.269457100107,218423
532.274538905296,245544
532.279620625545,246265
532.284702260849,264044
532.289783811204,258941
532.294865276605,235029
532.299946657048,219185
532.305027952527,217217
532.310109163038,217631
532.315190288576,231361
532.320271329136,256488
532.325352284714,239859
532.330433155306,245162
532.335513940905,241135
532.340594641509,271494
532.345675257111,274517
532.350755787707,267723
532.355836233293,235957
532.360916593864,245817
532.365996869414,258425
532.37107705994,257889
532.376157165436,245164
532.381237185899,270825
532.386317121323,284857
532.391396971703,278752
532.396476737035,258796
532.401556417313,246874
532.406636012535,241014
532.411715522694,245121
532.416794947786,257713
532.421874287806,268506
532.42695354275,277977
532.432032712612,280174
532.437111797389,280800
532.442190797074,264175
532.447269711665,263343
532.452348541156,254271
532.457427285542,248147
532.462505944818,236060
532.46758451898,249419
532.472663008024,249897
532.477741411944,251099
532.482819730735,236536
532.487897964394,241708
532.492976112915,245922
532.498054176294,224259
532.503132154525,239018
532.508210047605,246929
532.513287855528,252032
532.51836557829,239196
532.523443215886,222514
532.528520768311,203754
532.533598235561,211704
532.538675617632,206779
532.543752914517,200128
532.548830126213,215261
532.553907252715,218721
532.558984294018,224433
532.564061250117,222058
532.569138121008,241743
532.574214906687,226361
532.579291607147,195655
532.584368222385,249674
532.589444752396,284301
532.594521197176,266259
532.599597556719,270382
532.60467383102,271141
532.609750020076,250170
532.614826123882,232590
532.619902142432,256079
532.624978075722,233606
532.630053923747,241140
532.635129686503,246601
532.640205363985,219909
532.645280956188,226050
532.650356463108,226973
532.65543188474,244460
532.660507221078,240706
532.66558247212,246337
532.670657637859,243761
532.675732718291,236525
532.680807713411,234070
532.685882623215,237257
532.690957447698,221326
532.696032186855,229184
532.701106840681,227511
532.706181409173,231023
532.711255892325,228808
532.716330290132,234300
532.72140460259,218893
532.726478829694,219278
532.731552971439,215851
532.736627027821,232479
532.741700998835,223303
532.746774884476,225769
532.75184868474,224756
532.756922399622,239949
532.761996029117,220794
532.767069573221,201226
532.772143031928,218538
532.777216405234,232677
532.782289693135,216577
532.787362895626,220463
532.792436012701,232533
532.797509044357,222956
532.802581990589,224698
532.807654851391,262587
532.81272762676,237729
532.817800316691,236767
532.822872921178,245271
532.827945440218,256972
532.833017873805,224963
532.838090221934,220029
532.843162484602,209830
532.848234661804,195516
532.853306753534,198823
532.858378759788,190188
532.863450680561,225048
532.86852251585,249474
532.873594265648,210515
532.878665929951,189262
532.883737508755,182401
532.888809002055,197309
532.893880409846,220974
532.898951732124,219721
532.904022968884,212621
532.90909412012,218600
532.914165185829,200150
532.919236166006,188375
532.924307060646,181578
532.929377869745,181579
532.934448593297,200357
532.939519231298,218677
532.944589783744,205041
532.949660250629,208620
532.954730631949,231984
532.959800927699,256333
532.964871137875,215256
532.969941262472,204133
532.975011301485,223071
532.98008125491,219764
532.985151122742,229864
532.990220904975,214439
532.995290601607,215305
533.000360212631,219401
533.005429738043,187870
533.010499177838,189699
533.015568532013,202156
533.020637800561,186693
533.025706983479,162775
533.030776080762,144280
533.035845092404,182938
533.040914018402,183204
533.045982858751,152194
533.051051613445,161131
533.056120282481,200426
533.061188865853,177835
533.066257363558,174036
533.071325775589,165361
533.076394101944,141503
533.081462342616,140414
533.086530497601,206973
533.091598566895,188394
533.096666550493,216370
533.101734448389,207908
533.106802260581,202594
533.111869987062,226672
533.116937627828,208345
533.122005182875,188757
533.127072652197,186964
533.132140035791,180298
533.137207333651,198702
533.142274545773,204677
533.147341672151,214093
533.152408712783,206766
533.157475667662,182053
533.162542536783,177674
533.167609320144,201586
533.172676017738,191357
533.177742629561,181033
533.182809155608,188959
533.187875595875,202438
533.192941950357,200488
533.198008219049,198145
533.203074401947,205209
533.208140499046,201517
533.213206510341,183694
533.218272435827,172709
533.223338275501,177501
533.228404029357,183705
533.23346969739,164962
533.238535279596,150998
533.243600775971,149029
533.248666186509,131389
533.253731511206,150946
533.258796750057,165033
533.263861903058,153876
533.268926970203,153764
533.273991951489,157677
533.279056846911,165531
533.284121656463,163824
533.289186380141,170221
533.294251017941,150935
533.299315569857,136487
533.304380035886,146695
533.309444416023,152994
533.314508710262,151964
533.319572918599,162600
533.32463704103,151850
533.329701077549,146809
533.334765028153,159209
533.339828892836,159105
533.344892671594,165568
533.349956364422,160140
533.355019971316,159921
533.360083492271,150184
533.365146927281,161464
533.370210276343,160375
533.375273539452,141861
533.380336716603,150143
533.385399807791,158362
533.390462813012,149081
533.395525732262,134171
533.400588565534,148439
533.405651312826,167095
533.410713974132,174126
533.415776549447,166355
533.420839038767,170254
533.425901442087,165093
533.430963759403,186650
533.436025990709,169886
533.441088136001,165754
533.446150195275,150476
533.451212168526,162513
533.456274055749,158788
533.46133585694,167586
533.466397572093,203039
533.471459201204,187444
533.476520744269,161107
533.481582201283,158556
533.486643572241,159641
533.491704857138,157830
533.49676605597,140291
533.501827168733,140181
533.506888195421,135536
533.511949136029,138499
533.517009990554,142541
533.522070758991,169115
533.527131441334,163965
533.53219203758,165806
533.537252547723,154050
533.542312971759,136711
533.547373309683,156839
533.552433561491,167857
533.557493727178,167619
533.562553806739,156555
533.567613800169,148335
533.572673707465,149676
533.577733528621,147934
533.582793263632,125176
533.587852912494,121714
533.592912475203,116521
533.597971951753,105805
533.603031342141,97919
533.60809064636,112233
533.613149864407,138333
533.618208996278,134704
533.623268041966,143737
533.628327001469,48737
533.63338587478,-22976
533.638444661896,45332
533.643503362811,9059
533.648561977522,-4210
533.653620506023,21949
533.65867894831,-15218
533.663737304378,18029
533.668795574222,73035
533.673853757838,99715
533.678911855222,16852
533.683969866367,27566
533.689027791271,46853
533.694085629928,44994
533.699143382333,28310
533.704201048483,-1172
533.709258628371,47341
533.714316121994,9870
533.719373529347,-20188
533.724430850425,107886
533.729488085224,94670
533.734545233739,90839
533.739602295965,140875
533.744659271898,127850
533.749716161533,108606
533.754772964865,133437
533.75982968189,124690
533.764886312603,106070
533.769942856999,72740
533.774999315074,73868
533.780055686824,98336
533.785111972242,118940
533.790168171326,144338
533.79522428407,154648
533.800280310469,150094
533.805336250519,121747
533.810392104215,106993
533.815447871553,112427
533.820503552528,130147
533.825559147135,125029
533.83061465537,117675
533.835670077228,97081
533.840725412703,91158
533.845780661793,78897
533.850835824492,85336
533.855890900795,138079
533.860945890698,135113
533.866000794196,117596
533.871055611285,104385
533.876110341959,100313
533.881164986214,118800
533.886219544046,113181
533.89127401545,103825
533.896328400421,93261
533.901382698955,86655
533.906436911046,88162
533.911491036691,115573
533.916545075885,115767
533.921599028622,106264
533.926652894899,99871
533.931706674711,125051
533.936760368053,102099
533.94181397492,92718
533.946867495308,96245
533.951920929212,116212
533.956974276628,99820
533.962027537551,79443
533.967080711975,94823
533.972133799898,83649
533.977186801313,64790
533.982239716217,80044
533.987292544604,84413
533.99234528647,81477
533.997397941811,79285
534.002450510622,103288
534.007502992897,111296
534.012555388633,99609
534.017607697825,90417
534.022659920469,96630
534.027712056558,90522
534.03276410609,92105
534.037816069059,115392
534.04286794546,122296
534.04791973529,99863
534.052971438543,74154
534.058023055214,84891
534.0630745853,86887
534.068126028795,100759
534.073177385695,95709
534.078228655995,101076
534.083279839691,94666
534.088330936778,80347
534.093381947251,78291
534.098432871105,110684
534.103483708337,141011
534.108534458941,158698
534.113585122912,187432
534.118635700247,143114
534.12368619094,95363
534.128736594987,112993
534.133786912384,101851
534.138837143125,35275
534.143887287205,86936
534.148937344621,39221
534.153987315368,62934
534.159037199441,108716
534.164086996835,130182
534.169136707546,-36140
534.174186331569,-11176
534.1792358689,33519
534.184285319533,62322
534.189334683465,123866
534.19438396069,55157
534.199433151205,48609
534.204482255003,50911
534.209531272082,59266
534.214580202435,73575
534.219629046059,54919
534.224677802949,67898
534.2297264731,83080
534.234775056507,82326
534.239823553167,84012
534.244871963073,95270
534.249920286223,79951
534.25496852261,75208
534.260016672231,72404
534.265064735081,54305
534.270112711155,57682
534.275160600449,55571
534.280208402957,62516
534.285256118676,72393
534.2903037476,61555
534.295351289725,76305
534.300398745047,64261
534.305446113561,53595
534.310493395261,34707
534.315540590145,58685
534.320587698206,81046
534.32563471944,84623
534.330681653843,59447
534.335728501411,58559
534.340775262137,47781
534.345821936019,65517
534.35086852305,72103
534.355915023227,73925
534.360961436545,68742
534.366007762999,50769
534.371054002585,75694
534.376100155298,78758
534.381146221134,54201
534.386192200087,55834
534.391238092153,61459
534.396283897328,51957
534.401329615607,37126
534.406375246985,9524
534.411420791458,32544
534.416466249021,27397
534.421511619669,-2796
534.426556903399,-13184
534.431602100204,-21127
534.436647210081,-5915
534.441692233025,-12146
534.446737169031,22790
534.451782018095,21570
534.456826780213,-3039
534.461871455378,-14205
534.466916043588,37074
534.471960544837,73703
534.47700495912,70522
534.482049286433,80546
534.487093526772,66839
534.492137680132,17070
534.497181746508,50670
534.502225725895,37490
534.507269618289,60597
534.512313423686,46640
534.51735714208,27440
534.522400773467,38044
534.527444317843,38407
534.532487775203,39341
534.537531145542,45974
534.542574428855,34026
534.547617625139,44971
534.552660734388,46539
534.557703756598,43470
534.562746691763,47607
534.567789539881,49441
534.572832300945,52472
534.577874974952,60017
534.582917561896,53745
534.587960061774,43147
534.593002474579,43426
